record_type,unit_id,start_1based,end_1based,native_sequence,consensus_type,substitution_description
HSE_unit,HSE1,11,15,ATTCT,nTTCn,
HSE_unit,HSE2,16,20,AGAAA,nGAAn,
HSE_unit,HSE3,22,26,TTTCT,nTTCn,
HSE_unit,HSE4,27,31,AGAAT,nGAAn,
HSE_unit,HSE5,35,39,CTTCC,nTTCn,
substitution,S1,12,12,T,,T_to_G
substitution,S2,13,13,T,,T_to_G
substitution,S3,17,17,G,,G_to_C
substitution,S4,18,18,A,,A_to_C
substitution,S5,19,19,A,,A_to_G
substitution,S6,23,23,T,,T_to_G
substitution,S7,24,24,T,,T_to_G
substitution,S8,28,28,G,,G_to_C
substitution,S9,29,29,A,,A_to_C
substitution,S10,30,30,A,,A_to_G
substitution,S11,36,36,T,,T_to_G
substitution,S12,37,37,T,,T_to_G
