Col0_ONSEN_800bp_windows	Col0_AT1G48710_ONSEN5_leftLTRcandidate	ONSEN5	left_LTR_candidate	3	171	186	16	2	1	HSFB3	MA1761.2	-; +	0.8606	HSFB3	MA1761.2	AAAAATCTAGAT	800
Col0_ONSEN_800bp_windows	Col0_AT1G48710_ONSEN5_leftLTRcandidate	ONSEN5	left_LTR_candidate	4	191	208	18	5	4	HSFA1E; HSFA4A; HSFA6A; HSFB3	MA1758.2; MA1759.2; MA1760.1; MA1761.2	-; +	0.9214	HSFA6A	MA1760.1	GAATAATCTAGAT	800
Col0_ONSEN_800bp_windows	Col0_AT1G48710_ONSEN5_leftLTRcandidate	ONSEN5	left_LTR_candidate	5	236	249	14	2	2	HSFA1E; HSFA6A	MA1758.2; MA1760.1	+	0.8967	HSFA6A	MA1760.1	GAACTCTCTAGAC	800
Col0_ONSEN_800bp_windows	Col0_AT1G48710_ONSEN5_leftLTRcandidate	ONSEN5	left_LTR_candidate	6	264	275	12	1	1	HSFB3	MA1761.2	-	0.8727	HSFB3	MA1761.2	AAATATCTAAAA	800
Col0_ONSEN_800bp_windows	Col0_AT1G48710_ONSEN5_leftLTRcandidate	ONSEN5	left_LTR_candidate	7	710	725	16	6	3	HSFA6B; HSFB3; HSFC1	MA1664.3; MA1667.3; MA1761.2	-; +	0.9477	HSFC1	MA1667.3	TTCGAGAA	800
Col0_ONSEN_800bp_windows	Col0_AT1G48710_ONSEN5_leftLTRcandidate	ONSEN5	left_LTR_candidate	8	729	736	8	2	1	HSFA1B	MA2019.2	-; +	0.8507	HSFA1B	MA2019.2	GAAGCTAC	800
Col0_ONSEN_800bp_windows	Col0_AT1G48710_ONSEN5_leftLTRcandidate	ONSEN5	left_LTR_candidate	9	756	767	12	7	4	HSFA1B; HSFB2A; HSFB2B; HSFB4	MA1665.3; MA1666.3; MA2019.2; MA2020.2	-; +	0.9781	HSFA1B	MA2019.2	GAAGCTTC	800
Col0_ONSEN_800bp_windows	Col0_AT1G48710_ONSEN5_rightLTRcandidate	ONSEN5	right_LTR_candidate	1	119	147	29	14	6	HSFA1E; HSFA4A; HSFA6A; HSFA6B; HSFB3; HSFC1	MA1664.3; MA1667.3; MA1758.2; MA1759.2; MA1760.1; MA1761.2	-; +	0.9317	HSFA6A	MA1760.1	GAAAACTCTAGAA	800
Col0_ONSEN_800bp_windows	Col0_AT1G48710_ONSEN5_rightLTRcandidate	ONSEN5	right_LTR_candidate	2	165	195	31	31	10	HSFA1B; HSFA1E; HSFA4A; HSFA6A; HSFA6B; HSFB2A; HSFB2B; HSFB3; HSFB4; HSFC1	MA1664.3; MA1665.3; MA1666.3; MA1667.3; MA1758.2; MA1759.2; MA1760.1; MA1761.2; MA2019.2; MA2020.2	-; +	0.9971	HSFC1	MA1667.3	TTCTAGAA	800
Col0_ONSEN_800bp_windows	Col0_AT1G48710_ONSEN5_rightLTRcandidate	ONSEN5	right_LTR_candidate	3	213	228	16	2	1	HSFB3	MA1761.2	-; +	0.8606	HSFB3	MA1761.2	AAAAATCTAGAT	800
Col0_ONSEN_800bp_windows	Col0_AT1G48710_ONSEN5_rightLTRcandidate	ONSEN5	right_LTR_candidate	4	233	250	18	5	4	HSFA1E; HSFA4A; HSFA6A; HSFB3	MA1758.2; MA1759.2; MA1760.1; MA1761.2	-; +	0.9214	HSFA6A	MA1760.1	GAATAATCTAGAT	800
Col0_ONSEN_800bp_windows	Col0_AT1G48710_ONSEN5_rightLTRcandidate	ONSEN5	right_LTR_candidate	5	278	291	14	2	2	HSFA1E; HSFA6A	MA1758.2; MA1760.1	+	0.8967	HSFA6A	MA1760.1	GAACTCTCTAGAC	800
Col0_ONSEN_800bp_windows	Col0_AT1G48710_ONSEN5_rightLTRcandidate	ONSEN5	right_LTR_candidate	6	306	317	12	1	1	HSFB3	MA1761.2	-	0.8727	HSFB3	MA1761.2	AAATATCTAAAA	800
Col0_ONSEN_800bp_windows	Col0_AT1G48710_ONSEN5_rightLTRcandidate	ONSEN5	right_LTR_candidate	7	752	767	16	6	3	HSFA6B; HSFB3; HSFC1	MA1664.3; MA1667.3; MA1761.2	-; +	0.9477	HSFC1	MA1667.3	TTCGAGAA	800
Col0_ONSEN_800bp_windows	Col0_AT1G48710_ONSEN5_rightLTRcandidate	ONSEN5	right_LTR_candidate	8	771	778	8	2	1	HSFA1B	MA2019.2	-; +	0.8507	HSFA1B	MA2019.2	GAAGCTAC	800
Col0_ONSEN_800bp_windows	Col0_AT1G58140_ONSEN4_leftLTRcandidate	ONSEN4	left_LTR_candidate	1	166	177	12	1	1	HSFB3	MA1761.2	+	0.8727	HSFB3	MA1761.2	AAATATCTAAAA	800
Col0_ONSEN_800bp_windows	Col0_AT1G58140_ONSEN4_leftLTRcandidate	ONSEN4	left_LTR_candidate	2	192	205	14	2	2	HSFA1E; HSFA6A	MA1758.2; MA1760.1	-	0.8967	HSFA6A	MA1760.1	GAACTCTCTAGAC	800
Col0_ONSEN_800bp_windows	Col0_AT1G58140_ONSEN4_leftLTRcandidate	ONSEN4	left_LTR_candidate	3	233	250	18	5	4	HSFA1E; HSFA4A; HSFA6A; HSFB3	MA1758.2; MA1759.2; MA1760.1; MA1761.2	-; +	0.9214	HSFA6A	MA1760.1	GAATAATCTAGAT	800
Col0_ONSEN_800bp_windows	Col0_AT1G58140_ONSEN4_leftLTRcandidate	ONSEN4	left_LTR_candidate	4	255	270	16	2	1	HSFB3	MA1761.2	-; +	0.8606	HSFB3	MA1761.2	AAAAATCTAGAT	800
Col0_ONSEN_800bp_windows	Col0_AT1G58140_ONSEN4_leftLTRcandidate	ONSEN4	left_LTR_candidate	5	288	318	31	31	10	HSFA1B; HSFA1E; HSFA4A; HSFA6A; HSFA6B; HSFB2A; HSFB2B; HSFB3; HSFB4; HSFC1	MA1664.3; MA1665.3; MA1666.3; MA1667.3; MA1758.2; MA1759.2; MA1760.1; MA1761.2; MA2019.2; MA2020.2	-; +	0.9971	HSFC1	MA1667.3	TTCTAGAA	800
Col0_ONSEN_800bp_windows	Col0_AT1G58140_ONSEN4_leftLTRcandidate	ONSEN4	left_LTR_candidate	6	347	364	18	8	6	HSFA1E; HSFA4A; HSFA6A; HSFA6B; HSFB3; HSFC1	MA1664.3; MA1667.3; MA1758.2; MA1759.2; MA1760.1; MA1761.2	-; +	0.9317	HSFA6A	MA1760.1	GAAAACTCTAGAA	800
Col0_ONSEN_800bp_windows	Col0_AT1G58140_ONSEN4_leftLTRcandidate	ONSEN4	left_LTR_candidate	7	722	729	8	1	1	HSFA1B	MA2019.2	-	0.8762	HSFA1B	MA2019.2	GAAACCTC	800
Col0_ONSEN_800bp_windows	Col0_AT1G58140_ONSEN4_rightLTRcandidate	ONSEN4	right_LTR_candidate	1	37	48	12	7	4	HSFA1B; HSFB2A; HSFB2B; HSFB4	MA1665.3; MA1666.3; MA2019.2; MA2020.2	-; +	0.9781	HSFA1B	MA2019.2	GAAGCTTC	800
Col0_ONSEN_800bp_windows	Col0_AT1G58140_ONSEN4_rightLTRcandidate	ONSEN4	right_LTR_candidate	2	68	75	8	2	1	HSFA1B	MA2019.2	-; +	0.8507	HSFA1B	MA2019.2	GAAGCTAC	800
Col0_ONSEN_800bp_windows	Col0_AT1G58140_ONSEN4_rightLTRcandidate	ONSEN4	right_LTR_candidate	3	79	94	16	6	3	HSFA6B; HSFB3; HSFC1	MA1664.3; MA1667.3; MA1761.2	-; +	0.9477	HSFC1	MA1667.3	TTCGAGAA	800
Col0_ONSEN_800bp_windows	Col0_AT1G58140_ONSEN4_rightLTRcandidate	ONSEN4	right_LTR_candidate	4	529	540	12	1	1	HSFB3	MA1761.2	+	0.8727	HSFB3	MA1761.2	AAATATCTAAAA	800
Col0_ONSEN_800bp_windows	Col0_AT1G58140_ONSEN4_rightLTRcandidate	ONSEN4	right_LTR_candidate	5	555	568	14	2	2	HSFA1E; HSFA6A	MA1758.2; MA1760.1	-	0.9089	HSFA6A	MA1760.1	GAACTCTCTAGAT	800
Col0_ONSEN_800bp_windows	Col0_AT1G58140_ONSEN4_rightLTRcandidate	ONSEN4	right_LTR_candidate	6	596	613	18	5	4	HSFA1E; HSFA4A; HSFA6A; HSFB3	MA1758.2; MA1759.2; MA1760.1; MA1761.2	-; +	0.9214	HSFA6A	MA1760.1	GAATAATCTAGAT	800
Col0_ONSEN_800bp_windows	Col0_AT1G58140_ONSEN4_rightLTRcandidate	ONSEN4	right_LTR_candidate	7	617	633	17	3	2	HSFA6A; HSFB3	MA1760.1; MA1761.2	-; +	0.8894	HSFB3	MA1761.2	AAGTATCTAGAT	800
Col0_ONSEN_800bp_windows	Col0_AT1G58140_ONSEN4_rightLTRcandidate	ONSEN4	right_LTR_candidate	8	651	681	31	21	9	HSFA1E; HSFA4A; HSFA6A; HSFA6B; HSFB2A; HSFB2B; HSFB3; HSFB4; HSFC1	MA1664.3; MA1665.3; MA1666.3; MA1667.3; MA1758.2; MA1759.2; MA1760.1; MA1761.2; MA2020.2	-; +	0.9971	HSFC1	MA1667.3	TTCTAGAA	800
Col0_ONSEN_800bp_windows	Col0_AT1G58140_ONSEN4_rightLTRcandidate	ONSEN4	right_LTR_candidate	9	716	727	12	1	1	HSFB3	MA1761.2	-	0.852	HSFB3	MA1761.2	TAAGTTCTAAAG	800
Col0_ONSEN_800bp_windows	Col0_AT3G32415_ONSEN8_leftLTRcandidate	ONSEN8	left_LTR_candidate	1	77	105	29	14	6	HSFA1E; HSFA4A; HSFA6A; HSFA6B; HSFB3; HSFC1	MA1664.3; MA1667.3; MA1758.2; MA1759.2; MA1760.1; MA1761.2	-; +	0.9317	HSFA6A	MA1760.1	GAAAACTCTAGAA	800
Col0_ONSEN_800bp_windows	Col0_AT3G32415_ONSEN8_leftLTRcandidate	ONSEN8	left_LTR_candidate	2	123	153	31	31	10	HSFA1B; HSFA1E; HSFA4A; HSFA6A; HSFA6B; HSFB2A; HSFB2B; HSFB3; HSFB4; HSFC1	MA1664.3; MA1665.3; MA1666.3; MA1667.3; MA1758.2; MA1759.2; MA1760.1; MA1761.2; MA2019.2; MA2020.2	-; +	0.9971	HSFC1	MA1667.3	TTCTAGAA	800
