Table S13. Natural seed-variant TF-family motif summary.									
Accession	Variant seed	Mismatch count	Mismatch positions	HSF motif IDs	DOF motif IDs	AP2/ERF motif IDs	Delta HSF vs Col-0	Delta DOF vs Col-0	Delta AP2/ERF vs Col-0
An-1	An-1-v01	1	21	15	12	8	0	4	0
An-1	An-1-v02	1	21	15	12	8	0	4	0
An-1	An-1-v03	1	3	15	8	8	0	0	0
An-1	An-1-v04	1	41	15	8	0	0	0	-8
An-1	An-1-v05	4	11;21;35;45	14	15	0	-1	7	-8
C24	C24-v01	1	35	14	9	6	-1	1	-2
C24	C24-v02	2	14;38	14	9	2	-1	1	-6
C24	C24-v03	3	29;30;31	14	8	8	-1	0	0
Col-0	Col-0	0		15	8	8	0	0	0
Cvi	Cvi-v01	1	38	15	8	2	0	0	-6
Cvi	Cvi-v02	4	1;2;4;6	15	8	8	0	0	0
Cvi	Cvi-v03	4	10;12;14;19	14	10	8	-1	2	0
Cvi	Cvi-v04	4	11;14;29;44	10	14	2	-5	6	-6
Cvi	Cvi-v05	4	11;14;29;44	10	14	2	-5	6	-6
Eri	Eri-v01	1	11	15	14	8	0	6	0
Eri	Eri-v02	1	21	15	8	8	0	0	0
Eri	Eri-v03	1	39	15	8	3	0	0	-5
Eri	Eri-v04	1	45	15	9	0	0	1	-8
Eri	Eri-v05	1	5	15	8	8	0	0	0
Eri	Eri-v06	3	1;3;5	15	15	8	0	7	0
Eri	Eri-v07	3	1;3;5	15	15	8	0	7	0
Eri	Eri-v08	3	11;35;45	14	15	0	-1	7	-8
Eri	Eri-v09	4	10;12;14;19	14	10	8	-1	2	0
Kyo	Kyo-v01	1	14	14	9	8	-1	1	0
Kyo	Kyo-v02	1	14	14	9	8	-1	1	0
Kyo	Kyo-v03	1	14	14	9	8	-1	1	0
Kyo	Kyo-v04	1	3	15	8	8	0	0	0
Kyo	Kyo-v05	1	36	15	8	7	0	0	-1
Kyo	Kyo-v06	1	39	15	8	3	0	0	-5
Kyo	Kyo-v07	3	11;35;45	14	15	0	-1	7	-8
Ler	Ler-v01	1	11	15	14	8	0	6	0
Ler	Ler-v02	1	21	15	8	8	0	0	0
Ler	Ler-v03	1	3	15	8	8	0	0	0
Ler	Ler-v04	1	45	15	9	0	0	1	-8
Sha	Sha-v01	1	14	14	9	8	-1	1	0
Sha	Sha-v02	1	21	15	12	8	0	4	0
Sha	Sha-v03	1	21	15	12	8	0	4	0
Sha	Sha-v04	1	21	15	12	8	0	4	0
Sha	Sha-v05	1	21	15	12	8	0	4	0
Sha	Sha-v06	1	25	15	8	8	0	0	0
Sha	Sha-v07	1	28	14	8	8	-1	0	0
Sha	Sha-v08	1	28	14	8	8	-1	0	0
Sha	Sha-v09	1	28	14	8	8	-1	0	0
Sha	Sha-v10	1	28	14	8	8	-1	0	0
Sha	Sha-v11	1	45	15	9	0	0	1	-8
Sha	Sha-v12	2	3;17	15	11	8	0	3	0
Sha	Sha-v13	3	1;3;5	15	15	8	0	7	0
Sha	Sha-v14	3	1;3;5	15	15	8	0	7	0
Sha	Sha-v15	3	1;3;5	15	15	8	0	7	0
Sha	Sha-v16	3	1;3;5	15	15	8	0	7	0
Sha	Sha-v17	3	11;35;45	14	15	0	-1	7	-8
Sha	Sha-v18	4	1;3;5;28	14	15	8	-1	7	0
Sha	Sha-v19	4	1;3;5;28	14	15	8	-1	7	0
